1|"Erica"|"Grant"|"Wehner"|"2012-12-21"|"2023-03-20"|5
2|"Toney"|"Walter"|"Weissnat"|"1989-01-01"|"2007-12-22"|17
3|"Cleve"|"King"|"Jacobs"|"2022-11-01"|"1985-05-10"|12
4|"April"|"Dare"|"Pfeffer"|"2000-01-29"|"1981-12-19"|11
5|"Gay"|"Heller"|"Flatley"|"2000-08-30"|"1998-09-15"|10
6|"Mathew"|"Koepp"|"Bernhard"|"2014-05-21"|"2012-01-08"|22
7|"Yessenia"|"Rogahn"|"Waters"|"2009-09-02"|"2019-02-14"|14
8|"Frederick"|"Green"|"Klocko"|"1994-09-05"|"1998-01-20"|15
9|"Destany"|"Stracke"|"Wyman"|"1986-03-08"|"2017-05-22"|12
10|"Juanita"|"Johnson"|"Schmidt"|"2011-11-19"|"1997-02-06"|1
11|"Glennie"|"Schumm"|"Bayer"|"2004-09-05"|"1981-11-01"|7
12|"Joe"|"Kovacek"|"Spencer"|"2001-03-19"|"2018-10-28"|15
13|"Nigel"|"Hane"|"Wuckert"|"2006-05-13"|"2021-01-15"|19
14|"Carmella"|"Rutherford"|"Feest"|"2005-01-21"|"1975-10-09"|21
15|"Alexane"|"Mills"|"Schmidt"|"2006-11-07"|"2023-05-11"|24
16|"Myah"|"Bernhard"|"Bauch"|"2006-04-21"|"2017-08-26"|19
17|"Janice"|"Kiehn"|"Turner"|"2000-12-07"|"2012-03-08"|13
18|"Myrtle"|"Lesch"|"Nader"|"2020-11-11"|"1999-06-11"|21
19|"Rosemarie"|"Bernhard"|"Crooks"|"2018-09-07"|"1974-03-12"|20
20|"Humberto"|"Russel"|"Raynor"|"1975-06-05"|"1994-02-27"|20
21|"Hal"|"Steuber"|"Cassin"|"1980-03-08"|"1994-03-04"|23
22|"Trycia"|"Cassin"|"Glover"|"1985-06-05"|"1992-02-19"|24
23|"Bertha"|"Powlowski"|"Jenkins"|"2015-06-11"|"2023-03-19"|9
24|"Luisa"|"Hamill"|"Anderson"|"1973-04-16"|"2022-02-20"|24
25|"Alvina"|"Schulist"|"Dickinson"|"2003-12-31"|"1970-01-12"|3
26|"Wilson"|"Erdman"|"McLaughlin"|"2020-09-05"|"2007-03-31"|10
27|"Edmund"|"Braun"|"Littel"|"2003-10-21"|"1986-11-21"|2
28|"Paxton"|"Pouros"|"Wyman"|"2012-03-07"|"1977-04-26"|6
29|"Laura"|"Connelly"|"Strosin"|"2022-08-10"|"1979-10-28"|10
30|"Gregoria"|"Bode"|"Spinka"|"2011-04-08"|"1977-12-16"|21
31|"Dock"|"Hayes"|"Marvin"|"2011-01-18"|"1990-11-05"|12
32|"Aric"|"Mohr"|"Dicki"|"2006-04-18"|"2003-05-22"|2
33|"Fredrick"|"Kilback"|"Armstrong"|"2015-10-23"|"1997-09-08"|19
34|"Jennifer"|"Klein"|"Haley"|"1983-03-07"|"2004-04-21"|17
35|"Jaquelin"|"Feest"|"Sauer"|"1976-05-13"|"1992-12-13"|23
36|"Dorris"|"Stamm"|"Ritchie"|"2018-11-23"|"2023-03-10"|11
37|"Jake"|"Keebler"|"Stiedemann"|"1985-11-07"|"2020-12-23"|18
38|"Pete"|"Hansen"|"Frami"|"1973-01-30"|"1989-03-22"|1
39|"Malika"|"Schmidt"|"Wilderman"|"1993-01-05"|"1995-12-22"|5
40|"Corene"|"Reilly"|"Trantow"|"1991-10-05"|"1998-11-25"|23
41|"Arlo"|"Hessel"|"Lueilwitz"|"1984-07-29"|"1980-05-15"|15
42|"Karine"|"Haley"|"Crooks"|"1980-02-29"|"2003-04-17"|11
43|"Cathrine"|"Hoeger"|"Monahan"|"1989-08-19"|"2021-06-17"|7
44|"Herbert"|"Parisian"|"Kohler"|"1971-01-27"|"1978-10-09"|9
45|"Stan"|"Schmeler"|"Dooley"|"1970-05-15"|"1996-03-31"|17
46|"Freeman"|"Klocko"|"Swift"|"1987-02-21"|"1997-04-08"|23
47|"Liliane"|"Casper"|"Goldner"|"2014-03-06"|"1992-09-21"|24
48|"Jonathan"|"Mante"|"Crona"|"1990-04-27"|"1974-03-16"|23
49|"America"|"Romaguera"|"Smitham"|"2013-06-30"|"1970-11-17"|17
50|"Casandra"|"Toy"|"Hettinger"|"1975-02-20"|"1971-01-17"|18
51|"Aniyah"|"Kozey"|"Beahan"|"1985-07-25"|"1980-01-11"|23
52|"Chaya"|"Barrows"|"Botsford"|"1978-11-20"|"1993-06-08"|18
53|"Raina"|"Bailey"|"Kuhlman"|"1998-09-09"|"1983-01-19"|11
54|"Geovanni"|"Davis"|"Wolf"|"1989-03-28"|"2011-01-13"|16
55|"Justina"|"Rolfson"|"Anderson"|"1970-06-13"|"1978-08-15"|7
56|"Phoebe"|"Marquardt"|"Rodriguez"|"1988-06-13"|"2015-11-12"|23
57|"Teresa"|"Smitham"|"Stroman"|"2011-10-31"|"1973-10-04"|17
58|"Nadia"|"Denesik"|"Carter"|"2021-12-29"|"1983-09-20"|21
59|"Brice"|"Walsh"|"Hegmann"|"2003-04-16"|"1975-10-17"|23
60|"Quinton"|"Heidenreich"|"Legros"|"2002-01-25"|"1994-12-07"|5
61|"Kyler"|"McDermott"|"Schuppe"|"2019-11-10"|"1997-10-10"|23
62|"Izaiah"|"Von"|"Fadel"|"2001-05-04"|"2016-12-13"|25
63|"Vernice"|"Bashirian"|"Feest"|"1984-07-01"|"2002-08-10"|19
64|"Rashawn"|"Koelpin"|"Hahn"|"2016-07-26"|"1973-02-09"|8
65|"Evert"|"Grady"|"Bergstrom"|"1991-01-08"|"2008-05-14"|8
66|"Holly"|"Weber"|"Kiehn"|"2009-11-21"|"2013-03-09"|21
67|"Dan"|"Rath"|"Nader"|"1978-02-09"|"2022-03-13"|13
68|"Vernie"|"Beahan"|"Rippin"|"2003-09-07"|"1971-09-15"|13
69|"Hal"|"Lakin"|"Weimann"|"2005-07-27"|"2000-02-02"|24
70|"Elwin"|"Green"|"Pagac"|"2019-09-13"|"2020-06-10"|19
71|"Hayden"|"Streich"|"Goyette"|"2022-09-23"|"1977-06-14"|13
72|"Myrna"|"Walter"|"Klein"|"1995-10-10"|"2022-02-03"|7
73|"Pascale"|"Ryan"|"Thiel"|"2004-06-17"|"1976-10-26"|12
74|"Jayce"|"Block"|"Kunze"|"2015-03-03"|"1979-07-16"|14
75|"Camille"|"Bauch"|"Cremin"|"2016-08-20"|"1992-09-02"|8
76|"Brooks"|"Tillman"|"Schamberger"|"1981-02-19"|"1989-11-05"|22
77|"Alayna"|"Roberts"|"Bosco"|"1972-07-11"|"1986-11-30"|7
78|"Ara"|"Waters"|"Gaylord"|"1978-04-19"|"2004-04-21"|15
79|"Vivien"|"Brown"|"Gaylord"|"1992-05-25"|"1998-01-15"|19
80|"Maryse"|"Ondricka"|"Jacobs"|"1979-11-10"|"1987-07-21"|11
81|"Estefania"|"Bauch"|"Cummings"|"2000-02-22"|"2016-08-31"|25
82|"Maddison"|"Jacobs"|"Renner"|"2002-12-30"|"1999-01-06"|15
83|"Oran"|"Doyle"|"Crona"|"1991-03-29"|"2019-04-14"|24
84|"Eleazar"|"Bechtelar"|"Graham"|"2012-08-08"|"1970-11-13"|23
85|"Jaunita"|"Willms"|"Murazik"|"1987-11-14"|"1980-09-04"|1
86|"Letitia"|"DuBuque"|"Beer"|"2001-08-23"|"2023-03-17"|14
87|"Laverne"|"Berge"|"Waters"|"2010-05-28"|"1986-06-13"|7
88|"Solon"|"Hudson"|"McLaughlin"|"2001-03-14"|"2016-04-13"|19
89|"Ali"|"Schroeder"|"Raynor"|"1999-06-06"|"2000-02-26"|13
90|"Margarette"|"Wiegand"|"Steuber"|"2017-09-06"|"1998-01-19"|12
91|"Keara"|"Pacocha"|"Collins"|"1995-03-19"|"2011-03-02"|7
92|"Brycen"|"Greenholt"|"Schowalter"|"1988-04-11"|"1978-06-16"|21
93|"Josh"|"Lebsack"|"Rohan"|"1984-06-09"|"2014-06-09"|4
94|"Jason"|"Langosh"|"Gerlach"|"1990-04-20"|"1976-09-25"|12
95|"Caroline"|"Kautzer"|"Maggio"|"1985-10-24"|"2016-09-30"|20
96|"Khalid"|"Glover"|"Greenholt"|"2022-08-16"|"1988-03-15"|22
97|"Lyla"|"Frami"|"Lesch"|"1972-10-04"|"1970-08-15"|19
98|"Luther"|"Sporer"|"Dach"|"2008-07-26"|"2022-07-12"|18
99|"Dayton"|"Zulauf"|"Lubowitz"|"1993-07-07"|"1991-10-14"|23
100|"Keegan"|"Tromp"|"Prosacco"|"2003-04-28"|"2003-08-09"|21
101|"Erich"|"Wintheiser"|"Kris"|"1971-09-23"|"1977-03-18"|14
102|"Felicita"|"Parisian"|"Cormier"|"1990-05-02"|"1975-07-31"|19
103|"Keira"|"Heller"|"Heathcote"|"2008-12-30"|"1983-04-02"|3
104|"Rasheed"|"Bartell"|"Harber"|"1998-06-01"|"2018-07-03"|7
105|"Felicity"|"Simonis"|"Sawayn"|"1992-01-18"|"2007-03-22"|21
106|"German"|"Bahringer"|"Renner"|"2001-09-26"|"2019-04-16"|2
107|"Martin"|"Spencer"|"Bernhard"|"2015-05-01"|"1988-11-07"|9
108|"Lora"|"Schuster"|"Damore"|"1977-07-26"|"2010-09-26"|5
109|"Jules"|"OReilly"|"Hintz"|"2007-01-31"|"1989-12-08"|9
110|"Dan"|"Barrows"|"Cronin"|"2022-09-18"|"2002-05-12"|21
111|"Nedra"|"Littel"|"Steuber"|"2011-06-21"|"1984-02-10"|6
112|"Mara"|"Kemmer"|"Huels"|"1993-09-17"|"2009-12-12"|4
113|"Aniya"|"Connelly"|"Tromp"|"1974-04-30"|"1978-09-19"|6
114|"Wilburn"|"Hagenes"|"Haag"|"2017-05-19"|"2000-07-14"|1
115|"Gia"|"Larkin"|"Heidenreich"|"2003-05-21"|"2014-01-11"|7
116|"Dillan"|"Mante"|"Bernhard"|"2002-12-21"|"1971-07-30"|11
117|"Alena"|"Koss"|"Aufderhar"|"1984-10-23"|"2003-05-12"|10
118|"Santina"|"Keebler"|"Armstrong"|"1996-03-22"|"1986-01-20"|14
119|"Kyra"|"Crooks"|"Friesen"|"1982-08-02"|"2008-01-17"|14
120|"Orie"|"Lueilwitz"|"Feest"|"2000-08-21"|"2004-01-27"|22
121|"Buck"|"Carter"|"Mohr"|"2016-06-28"|"1988-08-14"|12
122|"Hubert"|"Kuphal"|"Morissette"|"2014-12-01"|"1985-03-05"|10
123|"Eryn"|"Pagac"|"Kassulke"|"2014-05-30"|"1978-10-31"|3
124|"Samantha"|"Reichert"|"Orn"|"1982-11-13"|"2011-01-25"|6
125|"Olen"|"Dietrich"|"Stracke"|"2013-09-18"|"1976-06-05"|12
126|"Charles"|"Rutherford"|"Nitzsche"|"2020-02-26"|"1972-07-17"|13
127|"Verla"|"Carroll"|"Terry"|"1970-10-02"|"1992-03-24"|4
128|"Jed"|"Kozey"|"Reichert"|"2022-06-29"|"1991-05-09"|1
129|"Mark"|"Simonis"|"Friesen"|"2010-12-30"|"2003-10-15"|21
130|"Heather"|"Brekke"|"Harber"|"2017-12-21"|"1972-12-25"|2
131|"Alysson"|"Barrows"|"Collier"|"2014-08-05"|"1973-01-13"|22
132|"Keenan"|"Lowe"|"Robel"|"1974-07-11"|"1988-12-13"|11
133|"Donald"|"Bechtelar"|"Strosin"|"2016-12-28"|"2015-05-31"|4
134|"Mabelle"|"Mills"|"Rath"|"1975-06-15"|"2000-03-26"|13
135|"Maxwell"|"Weimann"|"Ebert"|"1976-03-21"|"1980-07-19"|21
136|"Stephanie"|"Muller"|"Corkery"|"1992-07-02"|"2008-05-19"|18
137|"Sabina"|"Johns"|"Stracke"|"2004-09-15"|"2004-01-09"|20
138|"Giovani"|"Langworth"|"Murazik"|"1974-09-20"|"1976-01-11"|15
139|"Dandre"|"Fisher"|"Rosenbaum"|"2014-08-29"|"2011-08-06"|9
140|"Simone"|"Kuhn"|"Lueilwitz"|"1971-05-24"|"1989-07-05"|5
141|"Elliott"|"Stiedemann"|"Collier"|"1972-05-15"|"1982-08-18"|13
142|"Deven"|"Shields"|"Labadie"|"1983-03-22"|"1991-09-28"|16
143|"Savion"|"Wunsch"|"Ebert"|"1985-03-05"|"1992-12-04"|4
144|"Eldridge"|"Gulgowski"|"Hilpert"|"1981-04-04"|"2014-01-17"|25
145|"Gregg"|"Veum"|"Sauer"|"2021-05-26"|"2010-01-18"|23
146|"Casimir"|"Lueilwitz"|"Little"|"1986-03-30"|"1991-05-18"|18
147|"Chad"|"Berge"|"Tillman"|"2015-05-29"|"1998-03-30"|25
148|"Ebba"|"Douglas"|"Leannon"|"1998-09-09"|"2014-08-03"|6
149|"Anya"|"Wiza"|"Renner"|"2011-11-17"|"1983-09-30"|9
150|"Kitty"|"Klein"|"Lebsack"|"1993-04-12"|"2007-03-16"|15
151|"Odessa"|"Baumbach"|"Krajcik"|"2005-02-02"|"1998-12-11"|2
152|"Mozelle"|"Mayer"|"Frami"|"1987-10-07"|"1995-10-26"|23
153|"Araceli"|"Funk"|"Durgan"|"1980-11-09"|"1983-05-31"|12
154|"Letitia"|"Klein"|"Cummerata"|"2008-03-28"|"2012-08-14"|12
155|"Stanford"|"Schamberger"|"Price"|"1970-09-04"|"1992-09-16"|14
156|"Emie"|"Pollich"|"Kuhn"|"1980-04-20"|"2016-04-28"|6
157|"Marcelo"|"Will"|"Walsh"|"1999-05-01"|"1977-04-13"|20
158|"Nola"|"Collins"|"Parisian"|"1989-04-09"|"1999-12-09"|9
159|"Tyler"|"Zemlak"|"Powlowski"|"1974-05-09"|"2018-01-27"|25
160|"Mohammad"|"Boyer"|"Effertz"|"1999-12-21"|"1977-08-27"|10
161|"Stella"|"VonRueden"|"Kshlerin"|"1992-07-25"|"1992-11-22"|3
162|"Lavern"|"Waters"|"Johnston"|"1987-04-28"|"1976-12-27"|17
163|"Arianna"|"Hand"|"Renner"|"2005-08-13"|"1992-01-11"|8
164|"Friedrich"|"Paucek"|"Koss"|"1998-11-19"|"1976-12-08"|12
165|"Angelica"|"Gaylord"|"Durgan"|"2020-05-23"|"2022-03-27"|15
166|"Deondre"|"Gulgowski"|"Armstrong"|"2013-05-29"|"2017-04-20"|11
167|"Joana"|"Towne"|"Wiegand"|"1977-12-26"|"1973-05-18"|5
168|"Jacey"|"Howe"|"Bailey"|"2001-01-01"|"1992-01-18"|4
169|"Lola"|"Wiegand"|"Wilkinson"|"2012-04-27"|"2004-12-04"|12
170|"Providenci"|"Gusikowski"|"Herzog"|"2012-12-05"|"2021-01-21"|21
171|"Donato"|"Predovic"|"Johns"|"2007-05-29"|"1989-10-31"|7
172|"Laverna"|"Altenwerth"|"Bernier"|"1994-01-02"|"1997-08-25"|19
173|"Jerry"|"Lubowitz"|"Yost"|"1987-08-09"|"1972-10-16"|15
174|"Geoffrey"|"Torphy"|"Donnelly"|"1971-06-04"|"1991-10-26"|14
175|"Candelario"|"Kerluke"|"Gislason"|"2013-02-12"|"1991-04-28"|23
176|"Destiny"|"Dietrich"|"Anderson"|"1975-10-26"|"2013-01-18"|15
177|"Stan"|"Gleason"|"Kuhic"|"1982-10-25"|"2011-09-17"|1
178|"Barney"|"Cruickshank"|"Torphy"|"1995-05-23"|"2006-02-10"|24
179|"Myron"|"Wilderman"|"Hahn"|"2007-02-21"|"1976-09-11"|21
180|"Godfrey"|"Heller"|"Emmerich"|"1991-07-24"|"2006-09-07"|7
181|"Keon"|"Schiller"|"Lueilwitz"|"2020-03-24"|"1996-11-18"|7
182|"Isaiah"|"Tremblay"|"Beahan"|"1995-04-28"|"2006-06-02"|23
183|"Gail"|"Huel"|"Cummerata"|"1980-03-15"|"1991-10-25"|11
184|"Naomi"|"Lang"|"Bartoletti"|"2002-08-25"|"1972-03-13"|17
185|"Wilhelmine"|"Batz"|"Douglas"|"1977-11-02"|"2021-07-13"|22
186|"Joy"|"Bartoletti"|"Stanton"|"1998-07-31"|"2018-05-30"|21
187|"Daryl"|"Fadel"|"Hoppe"|"1999-05-03"|"1985-09-26"|24
188|"Sally"|"Hammes"|"Emmerich"|"2004-06-11"|"2018-07-25"|11
189|"Irma"|"Rohan"|"Breitenberg"|"2020-01-26"|"2012-03-25"|21
190|"Raphaelle"|"Dickens"|"Gutkowski"|"2013-09-19"|"1983-10-22"|17
191|"Laurie"|"Rutherford"|"Dicki"|"2023-06-25"|"2012-12-23"|9
192|"Amely"|"Green"|"Mueller"|"2019-05-22"|"1977-12-10"|14
193|"Graciela"|"Lueilwitz"|"Larson"|"1998-08-26"|"1986-09-06"|2
194|"Marianne"|"Hand"|"Ryan"|"1978-06-13"|"1995-10-01"|17
195|"Murphy"|"Okuneva"|"Roob"|"2012-12-18"|"1973-01-23"|4
196|"Donnell"|"Ondricka"|"Kling"|"1990-01-31"|"2008-09-17"|18
197|"Breana"|"Wiza"|"Davis"|"2002-08-31"|"2017-04-07"|18
198|"Malinda"|"Williamson"|"Heaney"|"1984-09-08"|"2005-11-09"|6
199|"Clotilde"|"Swift"|"Thiel"|"2003-02-27"|"1970-12-06"|8
200|"Korbin"|"Gaylord"|"Deckow"|"1989-10-08"|"1976-08-21"|10
201|"Queen"|"Jacobi"|"Heaney"|"1996-01-10"|"2013-08-30"|16
202|"Belle"|"Ritchie"|"Conn"|"2004-01-27"|"2013-09-25"|17
203|"Alden"|"Kiehn"|"Dooley"|"1999-06-18"|"2014-04-01"|6
204|"Bertram"|"Rosenbaum"|"Hintz"|"2013-03-05"|"1996-07-20"|21
205|"Kayley"|"Streich"|"Renner"|"2005-10-26"|"2012-08-23"|3
206|"Orin"|"Schuster"|"Jerde"|"2013-07-23"|"1991-05-05"|9
207|"Chesley"|"Beatty"|"Toy"|"1989-06-04"|"1975-10-29"|6
208|"Pietro"|"Stokes"|"Beier"|"2010-04-30"|"1986-05-13"|11
209|"King"|"Batz"|"Kohler"|"2004-07-17"|"1970-01-28"|14
210|"Shemar"|"Kreiger"|"Bernier"|"1983-04-06"|"1973-05-16"|10
211|"Edna"|"Hilll"|"Steuber"|"1986-06-12"|"1976-12-26"|14
212|"Bud"|"Weber"|"Powlowski"|"1975-05-06"|"2009-03-06"|15
213|"Irving"|"Walsh"|"Koepp"|"1979-06-01"|"2007-05-08"|7
214|"Trent"|"Hagenes"|"Mohr"|"2014-03-03"|"1997-06-20"|13
215|"Everett"|"Jacobs"|"Feeney"|"1973-10-07"|"2004-03-24"|2
216|"Larue"|"Lind"|"Cruickshank"|"1998-06-09"|"1988-09-24"|14
217|"Arnulfo"|"Harber"|"Dickinson"|"2018-09-12"|"1979-11-28"|21
218|"Reed"|"Ondricka"|"Heaney"|"1974-04-18"|"1974-02-04"|11
219|"Chauncey"|"Bruen"|"Friesen"|"1991-04-11"|"2018-06-09"|25
220|"Ferne"|"Becker"|"Nitzsche"|"2020-02-22"|"1990-12-20"|9
221|"Marisol"|"Shanahan"|"Yundt"|"1981-07-08"|"2019-06-29"|8
222|"Ardith"|"Fritsch"|"Wunsch"|"1994-12-30"|"1979-08-03"|4
223|"August"|"Borer"|"Conn"|"1971-03-21"|"1997-06-12"|17
224|"Joel"|"Torp"|"Heller"|"1983-09-01"|"2011-04-07"|21
225|"Selmer"|"DuBuque"|"Douglas"|"1988-10-18"|"2018-11-06"|21
226|"Meagan"|"Emmerich"|"Weissnat"|"1999-11-14"|"1974-10-09"|25
227|"Clint"|"Sauer"|"Orn"|"2013-09-04"|"2014-05-02"|11
228|"Gage"|"Schneider"|"Walter"|"2019-06-16"|"1976-06-11"|15
229|"Mittie"|"Leuschke"|"Waters"|"1971-08-23"|"2013-02-12"|13
230|"Helen"|"Kunze"|"Kilback"|"2018-10-03"|"1971-01-15"|21
231|"Elliott"|"Lindgren"|"Russel"|"2010-09-13"|"1980-06-06"|1
232|"Mervin"|"Harvey"|"Runolfsson"|"1976-08-24"|"2003-12-18"|15
233|"Erich"|"Conn"|"Goodwin"|"1985-05-07"|"1988-07-17"|17
234|"Annette"|"Beatty"|"Abbott"|"2023-02-05"|"2022-08-14"|3
235|"Vincent"|"Schinner"|"Kemmer"|"1998-03-05"|"2018-08-08"|25
236|"Claudie"|"Klocko"|"Franecki"|"1993-01-22"|"1973-07-06"|23
237|"Lenny"|"Bailey"|"Langosh"|"2009-09-24"|"1977-12-20"|14
238|"Michele"|"Dietrich"|"Hansen"|"2007-04-10"|"2021-05-23"|15
239|"Shanel"|"Bergnaum"|"Emard"|"2018-09-10"|"1980-04-29"|23
240|"Vernon"|"Hand"|"Towne"|"2018-10-11"|"1991-06-19"|7
241|"Jadyn"|"Spinka"|"Ziemann"|"1996-12-14"|"2010-05-19"|12
242|"Dexter"|"Reichert"|"Dickinson"|"2002-06-02"|"1977-04-17"|17
243|"Krystal"|"Schiller"|"Ledner"|"1984-02-21"|"2003-07-20"|6
244|"Emile"|"Marvin"|"Schowalter"|"1985-12-29"|"1992-02-01"|18
245|"Annetta"|"Reilly"|"Mann"|"1978-12-28"|"1988-03-30"|24
246|"Jasen"|"Hammes"|"Nikolaus"|"1997-01-06"|"2009-03-22"|7
247|"Kennedi"|"Erdman"|"Kuhn"|"1995-12-30"|"2006-02-20"|25
248|"Orie"|"Schamberger"|"Hoeger"|"2003-05-09"|"1974-05-12"|5
249|"Meredith"|"White"|"Torphy"|"2015-04-26"|"1989-06-24"|8
250|"Devin"|"Pfannerstill"|"Ernser"|"1992-05-03"|"1996-05-05"|2
251|"Lloyd"|"Farrell"|"Jerde"|"1979-04-02"|"1989-08-01"|17
252|"Lea"|"Purdy"|"Cartwright"|"1993-02-02"|"1991-06-20"|4
253|"Aurore"|"Conroy"|"Watsica"|"1983-02-18"|"1977-03-10"|6
254|"Rocky"|"Williamson"|"Cronin"|"1986-04-16"|"1972-03-22"|18
255|"Karelle"|"Douglas"|"Osinski"|"2018-04-19"|"2013-01-30"|3
256|"Horace"|"Moen"|"Collier"|"2016-11-15"|"1973-02-25"|1
257|"Wanda"|"Weber"|"Parker"|"2002-11-12"|"1992-04-09"|10
258|"Isom"|"Strosin"|"Huels"|"1988-01-28"|"1984-01-27"|9
259|"Breana"|"Kemmer"|"Bogan"|"2004-05-23"|"1979-12-12"|24
260|"Sasha"|"Keeling"|"Nitzsche"|"1991-08-24"|"1978-02-14"|14
261|"Lance"|"Rice"|"Carter"|"1999-10-30"|"2016-10-22"|11
262|"Cynthia"|"Davis"|"Cronin"|"1987-11-09"|"1975-06-08"|3
263|"Hannah"|"Gleason"|"Carroll"|"1975-08-30"|"2010-11-29"|21
264|"Dimitri"|"Heidenreich"|"Nitzsche"|"2020-12-26"|"1979-08-24"|7
265|"Tyrel"|"Spinka"|"Considine"|"2009-05-28"|"1988-01-29"|15
266|"Schuyler"|"Wunsch"|"Stiedemann"|"1985-06-30"|"1976-08-22"|13
267|"Joesph"|"Robel"|"Parker"|"1983-05-06"|"2019-04-21"|21
268|"Finn"|"Rippin"|"Langosh"|"2000-09-19"|"2006-09-05"|16
269|"Courtney"|"Cartwright"|"Kuhn"|"2018-11-18"|"1990-05-09"|18
270|"Reece"|"Cremin"|"Kilback"|"1970-11-13"|"1997-01-03"|14
271|"Damon"|"Windler"|"Ziemann"|"2003-01-21"|"2010-12-09"|25
272|"Melody"|"Casper"|"Stracke"|"2011-12-16"|"1979-05-31"|22
273|"Ulices"|"Franecki"|"Miller"|"1975-04-09"|"2017-01-26"|2
274|"Maryam"|"Lebsack"|"Miller"|"1999-06-24"|"2018-07-25"|15
275|"Meggie"|"Kling"|"Runolfsson"|"2003-01-24"|"1974-06-24"|13
276|"Theresa"|"Fahey"|"Shields"|"1999-06-22"|"2014-10-20"|13
277|"Kyra"|"Stanton"|"Yundt"|"2019-01-28"|"2018-10-15"|4
278|"Mark"|"Mraz"|"Steuber"|"2014-01-18"|"2006-09-09"|23
279|"Emery"|"Flatley"|"Franecki"|"1975-10-25"|"2022-08-02"|18
280|"Chaz"|"Ankunding"|"Borer"|"1997-03-23"|"2016-08-03"|23
281|"Omari"|"Will"|"Hodkiewicz"|"1984-02-18"|"1990-05-15"|14
282|"Fiona"|"OReilly"|"Kuphal"|"2003-03-02"|"1998-05-22"|12
283|"Domenick"|"Sauer"|"Ward"|"2018-02-13"|"2010-02-24"|3
284|"Israel"|"Klocko"|"Schuppe"|"2012-07-07"|"2012-03-29"|16
285|"Mitchell"|"Will"|"Dickens"|"1996-10-18"|"1974-01-27"|10
286|"Bridget"|"Powlowski"|"Deckow"|"2022-09-21"|"1972-10-25"|10
287|"Lamar"|"Kovacek"|"Reilly"|"2020-10-29"|"1992-03-18"|5
288|"Keyon"|"Casper"|"Torphy"|"2010-01-13"|"2018-01-01"|6
289|"Chadd"|"Turner"|"Marvin"|"2002-10-29"|"1975-12-12"|24
290|"Rahsaan"|"Little"|"Cole"|"2006-07-11"|"1971-01-01"|14
291|"Josefa"|"Sanford"|"Gerhold"|"2006-06-27"|"2017-04-28"|10
292|"Anya"|"Stehr"|"Franecki"|"1985-11-19"|"1973-11-30"|18
293|"Reuben"|"Will"|"Dickinson"|"1977-10-16"|"1980-10-24"|2
294|"Elisabeth"|"Zemlak"|"Wilkinson"|"1998-11-27"|"1984-08-02"|11
295|"Johanna"|"Medhurst"|"Wuckert"|"2009-11-02"|"1984-09-07"|18
296|"Derrick"|"Walsh"|"Stamm"|"2021-06-18"|"1999-05-12"|5
297|"Cletus"|"Lehner"|"Flatley"|"1992-02-13"|"1992-05-28"|8
298|"Alejandrin"|"Predovic"|"Graham"|"1977-07-26"|"2010-01-05"|10
299|"Kiana"|"Jenkins"|"Conroy"|"1992-04-22"|"1997-05-19"|21
300|"Gianni"|"Waters"|"Larkin"|"1992-03-21"|"2002-06-26"|12
