1|"Jenkins, Treutel and Homenick"|"731 Lake Park mouth"|2187345426
2|"Kassulke, Gutkowski and Sauer"|"8570 North Plains burgh"|5712218423
3|"Herzog-Reichert"|"215 West Passage stad"|8576836827
4|"McDermott, Upton and Schmeler"|"2747 New Neck ville"|1673884805
5|"Ward-Grady"|"4720 West Gardens furt"|5412244643
6|"Jones-Torphy"|"407 Port Plains land"|0680054315
7|"Vandervort, Gutmann and Ryan"|"0224 North Ridges bury"|4156387130
8|"Carroll-Koss"|"6163 North Spurs fort"|6206216357
9|"Weissnat-Cassin"|"148 West Overpass ton"|3318785885
10|"Blick, Stanton and Langworth"|"0772 Port Prairie stad"|0106134132
11|"Pfeffer-Mohr"|"72182 East Route town"|1066531624
12|"Murray, White and Stroman"|"6484 South Bypass mouth"|1167346177
13|"Gerhold-Stamm"|"673 South Courts ville"|3124154852
14|"Howell, Little and Krajcik"|"7740 Lake Well ton"|6380471358
15|"Herzog-Koss"|"3353 West Spring port"|6776747741
16|"Cruickshank-Hermiston"|"7028 East Estate town"|2715186603
17|"Dare-Beier"|"468 East Heights bury"|4053873077
18|"Cremin, Erdman and Ortiz"|"38363 Port Spurs bury"|8572234330
19|"Carter, Ruecker and Wisozk"|"063 North Manor burgh"|1676707420
20|"Grant, Brown and Hills"|"438 North Freeway chester"|1841614447
21|"Ryan, Runte and Price"|"2117 North Views borough"|6478721314
22|"Macejkovic-Jacobs"|"07308 Port Skyway fort"|1645600424
23|"Langworth, Ullrich and Collier"|"4610 Lake Dale ton"|0747720522
24|"Marks-Hane"|"2723 South Mill burgh"|8617586455
25|"Donnelly-Mante"|"0152 South Ramp town"|7744523320
26|"Yundt-Schultz"|"104 South Inlet chester"|1656623164
27|"Carter, Braun and King"|"20136 Port Light ton"|4337535200
28|"Little, Dickens and Jacobs"|"03032 North Ranch mouth"|1747001036
29|"Wuckert, Predovic and OReilly"|"65370 South Locks stad"|3102515152
30|"Muller, Williamson and Von"|"7137 South Knolls land"|3308326408
31|"Corkery-Oberbrunner"|"1837 East Rapid ville"|8402166872
32|"Runolfsson-West"|"0840 East Plain berg"|4162106132
33|"Weber-Klocko"|"428 South Centers furt"|7746086450
34|"King, McDermott and Gulgowski"|"117 Lake Ville furt"|0415645832
35|"Strosin, Dibbert and Weber"|"8457 New Lakes view"|2758405857
36|"Nitzsche-Pollich"|"6282 South Crossroad bury"|7533355534
37|"Muller-Rath"|"21287 South Lights shire"|6181586155
38|"Mills, Leffler and Klocko"|"172 Lake Spurs port"|5181562135
39|"Daugherty, Torp and Mayer"|"2628 South Place land"|6237027363
40|"Kihn-Ebert"|"12457 New Cliff borough"|1705587606
41|"Daugherty, Kilback and Reichel"|"780 Lake Harbors mouth"|0546543875
42|"Stehr, Fisher and Stiedemann"|"3522 South Light burgh"|6046262610
43|"Lowe-Mayert"|"2216 West Walk port"|6273611448
44|"Koss-Dooley"|"508 New Roads side"|4270043752
45|"Zboncak, Beatty and Mills"|"07188 South Plain burgh"|5803261225
46|"Medhurst, Emard and Pagac"|"44067 Port Heights port"|7481083460
47|"Crist, Miller and Wunsch"|"815 Port Crossroad ton"|3480071377
48|"Weissnat, Gutmann and Weber"|"34116 Port Forest ton"|3715174565
49|"Satterfield, Miller and Stokes"|"073 South Club view"|4718784514
50|"Stiedemann, Nitzsche and Beier"|"51263 South Unions berg"|4308851781
